year,category,full_name,Film,won
1996,FEMALE LEAD ROLE,FRANCES McDORMAND,FARGO,TRUE
1996,FEMALE LEAD ROLE,DIANE KEATON,MARVIN'S ROOM,FALSE
1996,FEMALE LEAD ROLE,BRENDA BLETHYN,SECRETS & LIES,FALSE
1996,FEMALE LEAD ROLE,KRISTIN SCOTT THOMAS,THE ENGLISH PATIENT,FALSE
1996,FEMALE LEAD ROLE,GENA ROWLANDS,UNHOOK THE STARS,FALSE
1996,FEMALE SUPPORTING ROLE,RENEE ZELLWEGER,JERRY MAGUIRE,FALSE
1996,FEMALE SUPPORTING ROLE,GWEN VERDON,MARVIN'S ROOM,FALSE
1996,FEMALE SUPPORTING ROLE,JULIETTE BINOCHE,THE ENGLISH PATENT,FALSE
1996,FEMALE SUPPORTING ROLE,LAUREN BACALL,THE MIRROR HAS TWO FACES,TRUE
1996,FEMALE SUPPORTING ROLE,MARISA TOMEI,UNHOOK THE STARS,FALSE
1996,MALE LEAD ROLE,TOM CRUISE,JERRY MAGUIRE,FALSE
1996,MALE LEAD ROLE,GEOFFREY RUSH,SHINE,TRUE
1996,MALE LEAD ROLE,BILLY BOB THORNTON,SLING BLADE,FALSE
1996,MALE LEAD ROLE,RALPH FIENNES,THE ENGLISH PATIENT,FALSE
1996,MALE LEAD ROLE,WOODY HARRELSON,THE PEOPLE VS. LARRY FLYNT,FALSE
1996,MALE SUPPORTING ROLE,WILLIAM H. MACY,FARGO,FALSE
1996,MALE SUPPORTING ROLE,"CUBA GOODING, JR.",JERRY MAGUIRE,TRUE
1996,MALE SUPPORTING ROLE,NOAH TAYLOR,SHINE,FALSE
1996,MALE SUPPORTING ROLE,HANK AZARIA,THE BIRDCAGE,FALSE
1996,MALE SUPPORTING ROLE,NATHAN LANE,THE BIRDCAGE,FALSE
1996,MOTION PICTURE,Jerry Zaks,MARVIN'S ROOM,FALSE
1996,MOTION PICTURE,Scott Hicks,SHINE,FALSE
1996,MOTION PICTURE,Billy Bob Thornton,SLING BLADE,FALSE
1996,MOTION PICTURE,Mike Nichols,THE BIRDCAGE,TRUE
1996,MOTION PICTURE,Anthony Minghella,THE ENGLISH PATIENT,FALSE
1997,FEMALE LEAD ROLE,HELEN HUNT,AS GOOD AS IT GETS,TRUE
1997,FEMALE LEAD ROLE,PAM GRIER,JACKIE BROWN,FALSE
1997,FEMALE LEAD ROLE,JUDI DENCH,MRS. BROWN,FALSE
1997,FEMALE LEAD ROLE,ROBIN WRIGHT,SHE'S SO LOVELY,FALSE
1997,FEMALE LEAD ROLE,HELENA BONHAM CARTER,THE WINGS OF THE DOVE,FALSE
1997,FEMALE LEAD ROLE,KATE WINSLET,TITANIC,FALSE
1997,FEMALE SUPPORTING ROLE,JULIANNE MOORE,BOOGIE NIGHTS,FALSE
1997,FEMALE SUPPORTING ROLE,MINNIE DRIVER,GOOD WILL HUNTING,FALSE
1997,FEMALE SUPPORTING ROLE,KIM BASINGER,L.A. CONFIDENTIAL,TRUE
1997,FEMALE SUPPORTING ROLE,ALISON ELLIOTT,THE WINGS OF THE DOVE,FALSE
1997,FEMALE SUPPORTING ROLE,GLORIA STUART,TITANIC,TRUE
1997,MALE LEAD ROLE,JACK NICHOLSON,AS GOOD AS IT GETS,TRUE
1997,MALE LEAD ROLE,MATT DAMON,GOOD WILL HUNTING,FALSE
1997,MALE LEAD ROLE,ROBERT DUVALL,THE APOSTLE,FALSE
1997,MALE LEAD ROLE,PETER FONDA,ULEE'S GOLD,FALSE
1997,MALE LEAD ROLE,DUSTIN HOFFMAN,WAG THE DOG,FALSE
1997,MALE SUPPORTING ROLE,ANTHONY HOPKINS,AMISTAD,FALSE
1997,MALE SUPPORTING ROLE,GREG KINNEAR,AS GOOD AS IT GETS,FALSE
1997,MALE SUPPORTING ROLE,BURT REYNOLDS,BOOGIE NIGHTS,FALSE
1997,MALE SUPPORTING ROLE,ROBIN WILLIAMS,GOOD WILL HUNTING,TRUE
1997,MALE SUPPORTING ROLE,BILLY CONNOLLY,MRS. BROWN,FALSE
1997,MOTION PICTURE,Paul Thomas Anderson,BOOGIE NIGHTS,FALSE
1997,MOTION PICTURE,Gus Van Sant,GOOD WILL HUNTING,FALSE
1997,MOTION PICTURE,Curtis Hanson,L.A. CONFIDENTIAL,FALSE
1997,MOTION PICTURE,Peter Cattaneo,THE FULL MONTY,TRUE
1997,MOTION PICTURE,James Cameron,TITANIC,FALSE
1998,FEMALE LEAD ROLE,CATE BLANCHETT,ELIZABETH,FALSE
1998,FEMALE LEAD ROLE,EMILY WATSON,HILARY AND JACKIE,FALSE
1998,FEMALE LEAD ROLE,JANE HORROCKS,LITTLE VOICE,FALSE
1998,FEMALE LEAD ROLE,MERYL STREEP,ONE TRUE THING,FALSE
1998,FEMALE LEAD ROLE,GWYNETH PALTROW,SHAKESPEARE IN LOVE,TRUE
1998,FEMALE SUPPORTING ROLE,LYNN REDGRAVE,GODS AND MONSTERS,FALSE
1998,FEMALE SUPPORTING ROLE,RACHEL GRIFFITHS,HILARY AND JACKIE,FALSE
1998,FEMALE SUPPORTING ROLE,BRENDA BLETHYN,LITTLE VOICE,FALSE
1998,FEMALE SUPPORTING ROLE,KATHY BATES,PRIMARY COLORS,TRUE
1998,FEMALE SUPPORTING ROLE,JUDI DENCH,SHAKESPEARE IN LOVE,FALSE
1998,MALE LEAD ROLE,NICK NOLTE,AFFLICTION,FALSE
1998,MALE LEAD ROLE,IAN McKELLEN,GODS AND MONSTERS,FALSE
1998,MALE LEAD ROLE,ROBERTO BENIGNI,LIFE IS BEAUTIFUL,TRUE
1998,MALE LEAD ROLE,TOM HANKS,SAVING PRIVATE RYAN,FALSE
1998,MALE LEAD ROLE,JOSEPH FIENNES,SHAKESPEARE IN LOVE,FALSE
1998,MALE SUPPORTING ROLE,ROBERT DUVALL,A CIVIL ACTION,TRUE
1998,MALE SUPPORTING ROLE,BILLY BOB THORNTON,A SIMPLE PLAN,FALSE
1998,MALE SUPPORTING ROLE,JAMES COBURN,AFFLICTION,FALSE
1998,MALE SUPPORTING ROLE,GEOFFREY RUSH,SHAKESPEARE IN LOVE,FALSE
1998,MALE SUPPORTING ROLE,DAVID KELLY,WAKING NED DEVINE,FALSE
1998,MOTION PICTURE,Roberto Benigni,LIFE IS BEAUTIFUL,FALSE
1998,MOTION PICTURE,Mark Herman,LITTLE VOICE,FALSE
1998,MOTION PICTURE,Steven Spielberg,SAVING PRIVATE RYAN,FALSE
1998,MOTION PICTURE,John Madden,SHAKESPEARE IN LOVE,TRUE
1998,MOTION PICTURE,Kirk Jones,WAKING NED DEVINE,FALSE
1999,FEMALE LEAD ROLE,ANNETTE BENING,AMERICAN BEAUTY,TRUE
1999,FEMALE LEAD ROLE,HILARY SWANK,BOYS DON'T CRY,FALSE
1999,FEMALE LEAD ROLE,MERYL STREEP,MUSIC OF THE HEART,FALSE
1999,FEMALE LEAD ROLE,JULIANNE MOORE,THE END OF THE AFFAIR,FALSE
1999,FEMALE LEAD ROLE,JANET MCTEER,TUMBLEWEEDS,FALSE
1999,FEMALE SUPPORTING ROLE,CAMERON DIAZ,BEING JOHN MALKOVICH,FALSE
1999,FEMALE SUPPORTING ROLE,CATHERINE KEENER,BEING JOHN MALKOVICH,FALSE
1999,FEMALE SUPPORTING ROLE,CHLOË SEVIGNY,BOYS DON'T CRY,FALSE
1999,FEMALE SUPPORTING ROLE,ANGELINA JOLIE,"GIRL, INTERRUPTED",TRUE
1999,FEMALE SUPPORTING ROLE,JULIANNE MOORE,MAGNOLIA,FALSE
1999,MALE LEAD ROLE,KEVIN SPACEY,AMERICAN BEAUTY,TRUE
1999,MALE LEAD ROLE,PHILIP SEYMOUR HOFFMAN,FLAWLESS,FALSE
1999,MALE LEAD ROLE,JIM CARREY,MAN ON THE MOON,FALSE
1999,MALE LEAD ROLE,DENZEL WASHINGTON,THE HURRICANE,FALSE
1999,MALE LEAD ROLE,RUSSELL CROWE,THE INSIDER,FALSE
1999,MALE SUPPORTING ROLE,CHRIS COOPER,AMERICAN BEAUTY,FALSE
1999,MALE SUPPORTING ROLE,TOM CRUISE,MAGNOLIA,FALSE
1999,MALE SUPPORTING ROLE,MICHAEL CAINE,THE CIDER HOUSE RULES,TRUE
1999,MALE SUPPORTING ROLE,MICHAEL CLARKE DUNCAN,THE GREEN MILE,FALSE
1999,MALE SUPPORTING ROLE,HALEY JOEL OSMENT,THE SIXTH SENSE,FALSE
1999,MOTION PICTURE,Sam Mendes,AMERICAN BEAUTY,TRUE
1999,MOTION PICTURE,Frank Darabont,BEING JOHN MALKOVICH,FALSE
1999,MOTION PICTURE,Paul Thomas Anderson,MAGNOLIA,FALSE
1999,MOTION PICTURE,Sam Mendes,THE CIDER HOUSE RULES,FALSE
1999,MOTION PICTURE,Frank Darabont,THE GREEN  MILE,FALSE
2000,FEMALE LEAD ROLE,JULIETTE BINOCHE,CHOCOLAT,FALSE
2000,FEMALE LEAD ROLE,JULIA ROBERTS,ERIN BROCKOVICH,TRUE
2000,FEMALE LEAD ROLE,ELLEN BURSTYN,REQUIEM FOR A DREAM,FALSE
2000,FEMALE LEAD ROLE,JOAN ALLEN,THE CONTENDER,FALSE
2000,FEMALE LEAD ROLE,LAURA LINNEY,YOU CAN COUNT ON ME,FALSE
2000,FEMALE SUPPORTING ROLE,FRANCES McDORMAND,ALMOST FAMOUS,FALSE
2000,FEMALE SUPPORTING ROLE,KATE HUDSON,ALMOST FAMOUS,FALSE
2000,FEMALE SUPPORTING ROLE,JULIE WALTERS,BILLY ELLIOT,FALSE
2000,FEMALE SUPPORTING ROLE,JUDI DENCH,CHOCOLAT,TRUE
2000,FEMALE SUPPORTING ROLE,KATE WINSLET,QUILLS,FALSE
2000,MALE LEAD ROLE,JAMIE BELL,BILLY ELLIOT,FALSE
2000,MALE LEAD ROLE,TOM HANKS,CAST AWAY,FALSE
2000,MALE LEAD ROLE,RUSSELL CROWE,GLADIATOR,FALSE
2000,MALE LEAD ROLE,GEOFFREY RUSH,QUILLS,FALSE
2000,MALE LEAD ROLE,BENICIO DEL TORO,TRAFFIC,TRUE
2000,MALE SUPPORTING ROLE,ALBERT FINNEY,ERIN BROCKOVICH,TRUE
2000,MALE SUPPORTING ROLE,JOAQUIN PHOENIX,GLADIATOR,FALSE
2000,MALE SUPPORTING ROLE,WILLEM DAFOE,SHADOW OF THE VAMPIRE,FALSE
2000,MALE SUPPORTING ROLE,GARY OLDMAN,THE CONTENDER,FALSE
2000,MALE SUPPORTING ROLE,JEFF BRIDGES,THE CONTENDER,FALSE
2000,MOTION PICTURE,Cameron Crowe,ALMOST FAMOUS,FALSE
2000,MOTION PICTURE,Stephen Daldry,BILLY ELLIOT,FALSE
2000,MOTION PICTURE,Lasse Hallström,CHOCOLAT,FALSE
2000,MOTION PICTURE,Ridley Scott,GLADIATOR,FALSE
2000,MOTION PICTURE,Ridley Scott,TRAFFIC,TRUE
2001,FEMALE LEAD ROLE,JENNIFER CONNELLY,A BEAUTIFUL MIND,FALSE
2001,FEMALE LEAD ROLE,RENEÉ ZELLWEGER,BRIDGET JONES'S DIARY,FALSE
2001,FEMALE LEAD ROLE,SISSY SPACEK,IN THE BEDROOM,FALSE
2001,FEMALE LEAD ROLE,JUDI DENCH,IRIS,FALSE
2001,FEMALE LEAD ROLE,HALLE BERRY,MONSTER'S BALL,TRUE
2001,FEMALE SUPPORTING ROLE,CATE BLANCHETT,BANDITS,FALSE
2001,FEMALE SUPPORTING ROLE,HELEN MIRREN,GOSFORD PARK,TRUE
2001,FEMALE SUPPORTING ROLE,DAKOTA FANNING,I AM SAM,FALSE
2001,FEMALE SUPPORTING ROLE,JUDI DENCH,THE SHIPPING NEWS,FALSE
2001,FEMALE SUPPORTING ROLE,CAMERON DIAZ,VANILLA SKY,FALSE
2001,MALE LEAD ROLE,RUSSELL CROWE,A BEAUTIFUL MIND,TRUE
2001,MALE LEAD ROLE,SEAN PENN,I AM SAM,FALSE
2001,MALE LEAD ROLE,TOM WILKINSON,IN THE BEDROOM,FALSE
2001,MALE LEAD ROLE,KEVIN KLINE,LIFE AS A HOUSE,FALSE
2001,MALE LEAD ROLE,DENZEL WASHINGTON,TRAINING DAY,FALSE
2001,MALE SUPPORTING ROLE,JIM BROADBENT,IRIS,FALSE
2001,MALE SUPPORTING ROLE,HAYDEN CHRISTENSEN,LIFE AS A HOUSE,FALSE
2001,MALE SUPPORTING ROLE,IAN McKELLEN,LORD OF THE RINGS: THE FELLOWSHIP OF THE RING,TRUE
2001,MALE SUPPORTING ROLE,BEN KINGSLEY,SEXY BEAST,FALSE
2001,MALE SUPPORTING ROLE,ETHAN HAWKE,TRAINING DAY,FALSE
2001,MOTION PICTURE,Ron Howard,A BEAUTIFUL MIND,FALSE
2001,MOTION PICTURE,Ridley Scott,GOSFORD PARK,TRUE
2001,MOTION PICTURE,Todd Field,IN THE BEDROOM,FALSE
2001,MOTION PICTURE,Peter Jackson,LORD OF THE RINGS: THE FELLOWSHIP OF THE RING,FALSE
2001,MOTION PICTURE,Baz Luhrmann,MOULIN ROUGE,FALSE
2002,FEMALE LEAD ROLE,RENÉE ZELLWEGER,CHICAGO,TRUE
2002,FEMALE LEAD ROLE,JULIANNE MOORE,FAR FROM HEAVEN,FALSE
2002,FEMALE LEAD ROLE,SALMA HAYEK,FRIDA,FALSE
2002,FEMALE LEAD ROLE,NICOLE KIDMAN,THE HOURS,FALSE
2002,FEMALE LEAD ROLE,DIANE LANE,UNFAITHFUL,FALSE
2002,FEMALE SUPPORTING ROLE,KATHY BATES,ABOUT SCHMIDT,FALSE
2002,FEMALE SUPPORTING ROLE,CATHERINE ZETA-JONES,CHICAGO,TRUE
2002,FEMALE SUPPORTING ROLE,QUEEN LATIFAH,CHICAGO,FALSE
2002,FEMALE SUPPORTING ROLE,JULIANNE MOORE,THE HOURS,FALSE
2002,FEMALE SUPPORTING ROLE,MICHELLE PFEIFFER,WHITE OLEANDER,FALSE
2002,MALE LEAD ROLE,JACK NICHOLSON,ABOUT SCHMIDT,FALSE
2002,MALE LEAD ROLE,NICOLAS CAGE,ADAPTATION,FALSE
2002,MALE LEAD ROLE,RICHARD GERE,CHICAGO,FALSE
2002,MALE LEAD ROLE,DANIEL DAY-LEWIS,GANGS OF NEW YORK,TRUE
2002,MALE LEAD ROLE,ADRIEN BRODY,THE PIANIST,FALSE
2002,MALE SUPPORTING ROLE,CHRIS COOPER,ADAPTATION,FALSE
2002,MALE SUPPORTING ROLE,CHRISTOPHER WALKEN,CATCH ME IF YOU CAN,TRUE
2002,MALE SUPPORTING ROLE,DENNIS QUAID,FAR FROM HEAVEN,FALSE
2002,MALE SUPPORTING ROLE,ALFRED MOLINA,FRIDA,FALSE
2002,MALE SUPPORTING ROLE,ED HARRIS,THE HOURS,FALSE
2002,MOTION PICTURE,Spike Jonze,ADAPTATION,FALSE
2002,MOTION PICTURE,Rob Marshall,CHICAGO,TRUE
2002,MOTION PICTURE,Peter Jackson,LORD OF THE RINGS: THE TWO TOWERS,FALSE
2002,MOTION PICTURE,Joel Zwick,MY BIG FAT GREEK WEDDING,FALSE
2002,MOTION PICTURE,Stephen Daldry,THE HOURS,FALSE
2003,FEMALE LEAD ROLE,NAOMI WATTS,21 GRAMS,FALSE
2003,FEMALE LEAD ROLE,CHARLIZE THERON,MONSTER,TRUE
2003,FEMALE LEAD ROLE,DIANE KEATON,SOMETHING'S GOTTA GIVE,FALSE
2003,FEMALE LEAD ROLE,PATRICIA CLARKSON,THE STATION AGENT,FALSE
2003,FEMALE LEAD ROLE,EVAN RACHEL WOOD,THIRTEEN,FALSE
2003,FEMALE SUPPORTING ROLE,RENÉE ZELLWEGER,COLD MOUNTAIN,TRUE
2003,FEMALE SUPPORTING ROLE,PATRICIA CLARKSON,PIECES OF APRIL,FALSE
2003,FEMALE SUPPORTING ROLE,MARIA BELLO,THE COOLER,FALSE
2003,FEMALE SUPPORTING ROLE,HOLLY HUNTER,THIRTEEN,FALSE
2003,FEMALE SUPPORTING ROLE,KEISHA CASTLE-HUGHES,WHALE RIDER,FALSE
2003,MALE LEAD ROLE,BEN KINGSLEY,HOUSE OF SAND AND FOG,FALSE
2003,MALE LEAD ROLE,BILL MURRAY,LOST IN TRANSLATION,FALSE
2003,MALE LEAD ROLE,SEAN PENN,MYSTIC RIVER,FALSE
2003,MALE LEAD ROLE,JOHNNY DEPP,PIRATES OF THE CARIBBEAN: THE CURSE OF THE BLACK PEARL,TRUE
2003,MALE LEAD ROLE,PETER DINKLAGE,THE STATION AGENT,FALSE
2003,MALE SUPPORTING ROLE,BENICIO DEL TORO,21 GRAMS,FALSE
2003,MALE SUPPORTING ROLE,TIM ROBBINS,MYSTIC RIVER,TRUE
2003,MALE SUPPORTING ROLE,CHRIS COOPER,SEABISCUIT,FALSE
2003,MALE SUPPORTING ROLE,ALEC BALDWIN,THE COOLER,FALSE
2003,MALE SUPPORTING ROLE,KEN WATANABE,THE LAST SAMURAI,FALSE
2003,MOTION PICTURE,Jim Sheridan,IN AMERICA,FALSE
2003,MOTION PICTURE,Peter Jackson,LORD OF THE RINGS: THE RETURN OF THE KING,TRUE
2003,MOTION PICTURE,Clint Eastwood,MYSTIC RIVER,FALSE
2003,MOTION PICTURE,Gary Ross,SEABISCUIT,FALSE
2003,MOTION PICTURE,Tom McCarthy,THE STATION AGENT,FALSE
2004,FEMALE LEAD ROLE,ANNETTE BENING,BEING JULIA,FALSE
2004,FEMALE LEAD ROLE,KATE WINSLET,ETERNAL SUNSHINE OF THE SPOTLESS MIND,FALSE
2004,FEMALE LEAD ROLE,CATALINA SANDINO MORENO,MARIA FULL OF GRACE,FALSE
2004,FEMALE LEAD ROLE,HILARY SWANK,MILLION DOLLAR BABY,TRUE
2004,FEMALE LEAD ROLE,IMELDA STAUNTON,VERA DRAKE,FALSE
2004,FEMALE SUPPORTING ROLE,SOPHIE OKONEDO,HOTEL RWANDA,FALSE
2004,FEMALE SUPPORTING ROLE,LAURA LINNEY,KINSEY,FALSE
2004,FEMALE SUPPORTING ROLE,VIRGINIA MADSEN,SIDEWAYS,FALSE
2004,FEMALE SUPPORTING ROLE,CLORIS LEACHMAN,SPANGLISH,FALSE
2004,FEMALE SUPPORTING ROLE,CATE BLANCHETT,THE AVIATOR,TRUE
2004,MALE LEAD ROLE,JOHNNY DEPP,FINDING NEVERLAND,FALSE
2004,MALE LEAD ROLE,DON CHEADLE,HOTEL RWANDA,FALSE
2004,MALE LEAD ROLE,JAMIE FOXX,RAY,TRUE
2004,MALE LEAD ROLE,PAUL GIAMATTI,SIDEWAYS,FALSE
2004,MALE LEAD ROLE,LEONARDO DICAPRIO,THE AVIATOR,FALSE
2004,MALE SUPPORTING ROLE,JAMIE FOXX,COLLATERAL,FALSE
2004,MALE SUPPORTING ROLE,FREDDIE HIGHMORE,FINDING NEVERLAND,FALSE
2004,MALE SUPPORTING ROLE,MORGAN FREEMAN,MILLION DOLLAR BABY,TRUE
2004,MALE SUPPORTING ROLE,THOMAS HADEN CHURCH,SIDEWAYS,FALSE
2004,MALE SUPPORTING ROLE,JAMES GARNER,THE NOTEBOOK,FALSE
2004,MOTION PICTURE,Marc Forster,FINDING NEVERLAND,FALSE
2004,MOTION PICTURE,Terry George,HOTEL RWANDA,FALSE
2004,MOTION PICTURE,Clint Eastwood,MILLION DOLLAR BABY,FALSE
2004,MOTION PICTURE,Taylor Hackford,RAY,FALSE
2004,MOTION PICTURE,Alexander Payne,SIDEWAYS,TRUE
2004,MOTION PICTURE,Martin Scorsese,THE AVIATOR,FALSE
2005,FEMALE LEAD ROLE,ZIYI ZHANG,MEMOIRS OF A GEISHA,FALSE
2005,FEMALE LEAD ROLE,JUDI DENCH,MRS. HENDERSON PRESENTS,FALSE
2005,FEMALE LEAD ROLE,CHARLIZE THERON,NORTH COUNTRY,FALSE
2005,FEMALE LEAD ROLE,FELICITY HUFFMAN,TRANSAMERICA,FALSE
2005,FEMALE LEAD ROLE,REESE WITHERSPOON,WALK THE LINE,TRUE
2005,FEMALE SUPPORTING ROLE,MICHELLE WILLIAMS,BROKEBACK MOUNTAIN,FALSE
2005,FEMALE SUPPORTING ROLE,CATHERINE KEENER,CAPOTE,FALSE
2005,FEMALE SUPPORTING ROLE,AMY ADAMS,JUNEBUG,FALSE
2005,FEMALE SUPPORTING ROLE,FRANCES McDORMAND,NORTH COUNTRY,FALSE
2005,FEMALE SUPPORTING ROLE,RACHEL WEISZ,THE CONSTANT GARDENER,TRUE
2005,MALE LEAD ROLE,HEATH LEDGER,BROKEBACK MOUNTAIN,FALSE
2005,MALE LEAD ROLE,PHILIP SEYMOUR HOFFMAN,CAPOTE,TRUE
2005,MALE LEAD ROLE,RUSSELL CROWE,CINDERELLA MAN,FALSE
2005,MALE LEAD ROLE,DAVID STRATHAIRN,"GOOD NIGHT, AND GOOD LUCK.",FALSE
2005,MALE LEAD ROLE,JOAQUIN PHOENIX,WALK THE LINE,FALSE
2005,MALE SUPPORTING ROLE,JAKE GYLLENHAAL,BROKEBACK MOUNTAIN,FALSE
2005,MALE SUPPORTING ROLE,PAUL GIAMATTI,CINDERELLA MAN,TRUE
2005,MALE SUPPORTING ROLE,DON CHEADLE,CRASH,FALSE
2005,MALE SUPPORTING ROLE,MATT DILLON,CRASH,FALSE
2005,MALE SUPPORTING ROLE,GEORGE CLOONEY,SYRIANA,FALSE
2005,MOTION PICTURE,Ang Lee,BROKEBACK MOUNTAIN,FALSE
2005,MOTION PICTURE,Bennett Miller,CAPOTE,FALSE
2005,MOTION PICTURE,Bennett Miller,CRASH,TRUE
2005,MOTION PICTURE,George Clooney,"GOOD NIGHT, AND GOOD LUCK.",FALSE
2005,MOTION PICTURE,Craig Brewer,HUSTLE & FLOW,FALSE
2006,FEMALE LEAD ROLE,KATE WINSLET,LITTLE CHILDREN,FALSE
2006,FEMALE LEAD ROLE,JUDI DENCH,NOTES ON A SCANDAL,FALSE
2006,FEMALE LEAD ROLE,MERYL STREEP,THE DEVIL WEARS PRADA,FALSE
2006,FEMALE LEAD ROLE,HELEN MIRREN,THE QUEEN,TRUE
2006,FEMALE LEAD ROLE,PENÉLOPE CRUZ,VOLVER,FALSE
2006,FEMALE SUPPORTING ROLE,ADRIANA BARRAZA,BABEL,FALSE
2006,FEMALE SUPPORTING ROLE,RINKO KIKUCHI,BABEL,FALSE
2006,FEMALE SUPPORTING ROLE,JENNIFER HUDSON,DREAMGIRLS,TRUE
2006,FEMALE SUPPORTING ROLE,ABIGAIL BRESLIN,LITTLE MISS SUNSHINE,FALSE
2006,FEMALE SUPPORTING ROLE,CATE BLANCHETT,NOTES ON A SCANDAL,FALSE
2006,MALE LEAD ROLE,LEONARDO DICAPRIO,BLOOD DIAMOND,FALSE
2006,MALE LEAD ROLE,RYAN GOSLING,HALF NELSON,FALSE
2006,MALE LEAD ROLE,WILL SMITH,PURSUIT OF HAPPYNESS,FALSE
2006,MALE LEAD ROLE,FOREST WHITAKER,THE LAST KING OF SCOTLAND,TRUE
2006,MALE LEAD ROLE,PETER O'TOOLE,VENUS,FALSE
2006,MALE SUPPORTING ROLE,DJIMON HOUNSOU,BLOOD DIAMOND,FALSE
2006,MALE SUPPORTING ROLE,EDDIE MURPHY,DREAMGIRLS,TRUE
2006,MALE SUPPORTING ROLE,JACKIE EARLE HALEY,LITTLE CHILDREN,FALSE
2006,MALE SUPPORTING ROLE,ALAN ARKIN,LITTLE MISS SUNSHINE,FALSE
2006,MALE SUPPORTING ROLE,LEONARDO DICAPRIO,THE DEPARTED,FALSE
2006,MOTION PICTURE,Alejandro González Iñárritu,BABEL,FALSE
2006,MOTION PICTURE,Emilio Estevez,BOBBY,FALSE
2006,MOTION PICTURE,Bill Condon,DREAMGIRLS,FALSE
2006,MOTION PICTURE,Jonathan Daytonand Valerie Faris,LITTLE MISS SUNSHINE,TRUE
2006,MOTION PICTURE,Martin Scorsese,THE DEPARTED,FALSE
2007,FEMALE LEAD ROLE,ANGELINA JOLIE,A MIGHTY HEART,FALSE
2007,FEMALE LEAD ROLE,JULIE CHRISTIE,AWAY FROM HER,TRUE
2007,FEMALE LEAD ROLE,CATE BLANCHETT,ELIZABETH: THE GOLDEN AGE,FALSE
2007,FEMALE LEAD ROLE,ELLEN PAGE,JUNO,FALSE
2007,FEMALE LEAD ROLE,MARION COTILLARD,LA VIE EN ROSE,FALSE
2007,FEMALE SUPPORTING ROLE,RUBY DEE,AMERICAN GANGSTER,TRUE
2007,FEMALE SUPPORTING ROLE,AMY RYAN,GONE BABY GONE,FALSE
2007,FEMALE SUPPORTING ROLE,CATE BLANCHETT,I'M NOT THERE,FALSE
2007,FEMALE SUPPORTING ROLE,CATHERINE KEENER,INTO THE WILD,FALSE
2007,FEMALE SUPPORTING ROLE,TILDA SWINTON,MICHAEL CLAYTON,FALSE
2007,MALE LEAD ROLE,VIGGO MORTENSEN,EASTERN PROMISES,FALSE
2007,MALE LEAD ROLE,EMILE HIRSCH,INTO THE WILD,FALSE
2007,MALE LEAD ROLE,RYAN GOSLING,LARS AND THE REAL GIRL,FALSE
2007,MALE LEAD ROLE,GEORGE CLOONEY,MICHAEL CLAYTON,FALSE
2007,MALE LEAD ROLE,DANIEL DAY-LEWIS,THERE WILL BE BLOOD,TRUE
2007,MALE SUPPORTING ROLE,HAL HOLBROOK,INTO THE WILD,FALSE
2007,MALE SUPPORTING ROLE,TOM WILKINSON,MICHAEL CLAYTON,FALSE
2007,MALE SUPPORTING ROLE,JAVIER BARDEM,NO COUNTRY FOR OLD MEN,TRUE
2007,MALE SUPPORTING ROLE,TOMMY LEE JONES,NO COUNTRY FOR OLD MEN,FALSE
2007,MALE SUPPORTING ROLE,CASEY AFFLECK,THE ASSINATION OF JESSE JAMES BY THE COWARD ROBERT FORD,FALSE
2007,MOTION PICTURE,James Mangold,3:10 TO YUMA,FALSE
2007,MOTION PICTURE,Ridley Scott,AMERICAN GANGSTER,FALSE
2007,MOTION PICTURE,Adam Shankman,HAIRSPRAY,FALSE
2007,MOTION PICTURE,Sean Penn,INTO THE WILD,FALSE
2007,MOTION PICTURE,Joel Coen and Ethan Coen,NO COUNTRY FOR OLD MEN,TRUE
2008,FEMALE LEAD ROLE,ANGELINA JOLIE,CHANGELING,FALSE
2008,FEMALE LEAD ROLE,MERYL STREEP,DOUBT,TRUE
2008,FEMALE LEAD ROLE,MELISSA LEO,FROZEN RIVER,FALSE
2008,FEMALE LEAD ROLE,ANNE HATHAWAY,RACHEL GETTING MARRIED,FALSE
2008,FEMALE LEAD ROLE,KATE WINSLET,REVOLUTIONARY ROAD,FALSE
2008,FEMALE SUPPORTING ROLE,AMY ADAMS,DOUBT,FALSE
2008,FEMALE SUPPORTING ROLE,VIOLA DAVIS,DOUBT,FALSE
2008,FEMALE SUPPORTING ROLE,TARAJI P. HENSON,THE CURIOUS CASE OF BENJAMIN BUTTON,FALSE
2008,FEMALE SUPPORTING ROLE,KATE WINSLET,THE READER,TRUE
2008,FEMALE SUPPORTING ROLE,PENÉLOPE CRUZ,VICKY CRISTINA BARCELONA,FALSE
2008,MALE LEAD ROLE,FRANK LANGELLA,FROST/NIXON,FALSE
2008,MALE LEAD ROLE,SEAN PENN,MILK,TRUE
2008,MALE LEAD ROLE,BRAD PITT,THE CURIOUS CASE OF BENJAMIN BUTTON,FALSE
2008,MALE LEAD ROLE,RICHARD JENKINS,THE VISITOR,FALSE
2008,MALE LEAD ROLE,MICKEY ROURKE,THE WRESTLER,FALSE
2008,MALE SUPPORTING ROLE,PHILIP SEYMOUR HOFFMAN,DOUBT,FALSE
2008,MALE SUPPORTING ROLE,JOSH BROLIN,MILK,FALSE
2008,MALE SUPPORTING ROLE,DEV PATEL,SLUMDOG MILLIONAIRE,FALSE
2008,MALE SUPPORTING ROLE,HEATH LEDGER,THE DARK KNIGHT,TRUE
2008,MALE SUPPORTING ROLE,"ROBERT DOWNEY, JR.",TROPIC THUNDER,FALSE
2008,MOTION PICTURE,John Patrick Shanley,DOUBT,FALSE
2008,MOTION PICTURE,Ron Howard,FROST/NIXON,FALSE
2008,MOTION PICTURE,Gus Van Sant,MILK,FALSE
2008,MOTION PICTURE,Danny Boyle,SLUMDOG MILLIONAIRE,TRUE
2008,MOTION PICTURE,David Fincher,THE CURIOUS CASE OF BENJAMIN BUTTON,FALSE
2009,FEMALE LEAD ROLE,CAREY MULLIGAN,AN EDUCATION,FALSE
2009,FEMALE LEAD ROLE,MERYL STREEP,JULIE & JULIA,FALSE
2009,FEMALE LEAD ROLE,GABOUREY SIDIBE,PRECIOUS,FALSE
2009,FEMALE LEAD ROLE,SANDRA BULLOCK,THE BLIND SIDE,TRUE
2009,FEMALE LEAD ROLE,HELEN MIRREN,THE LAST STATION,FALSE
2009,FEMALE SUPPORTING ROLE,DIANE KRUGER,INGLOURIOUS BASTERDS,FALSE
2009,FEMALE SUPPORTING ROLE,PENÉLOPE CRUZ,NINE,FALSE
2009,FEMALE SUPPORTING ROLE,"MONIQUE ANGELA ""Mo'NIQUE"" HICKS",PRECIOUS,TRUE
2009,FEMALE SUPPORTING ROLE,ANNA KENDRICK,UP IN THE AIR,FALSE
2009,FEMALE SUPPORTING ROLE,VERA FARMINGA,UP IN THE AIR,FALSE
2009,MALE LEAD ROLE,COLIN FIRTH,A SINGLE MAN,FALSE
2009,MALE LEAD ROLE,JEFF BRIDGES,CRAZY HEART,TRUE
2009,MALE LEAD ROLE,MORGAN FREEMAN,INVICTUS,FALSE
2009,MALE LEAD ROLE,JEREMY RENNER,THE HURT LOCKER,FALSE
2009,MALE LEAD ROLE,GEORGE CLOONEY,UP IN THE AIR,FALSE
2009,MALE SUPPORTING ROLE,CHRISTOPH WALTZ,INGLOURIOUS BASTERDS,TRUE
2009,MALE SUPPORTING ROLE,MATT DAMON,INVICTUS,FALSE
2009,MALE SUPPORTING ROLE,CHRISTOPHER PLUMMER,THE LAST STATION,FALSE
2009,MALE SUPPORTING ROLE,STANLEY TUCCI,THE LOVELY BONES,FALSE
2009,MALE SUPPORTING ROLE,WOODY HARRELSON,THE MESSENGER,FALSE
2009,MOTION PICTURE,Lone Scherfig,AN EDUCATION,FALSE
2009,MOTION PICTURE,Quentin Tarantino,INGLOURIOUS BASTERDS,TRUE
2009,MOTION PICTURE,Rob Marshall,NINE,FALSE
2009,MOTION PICTURE,Lee Daniels,PRECIOUS,FALSE
2009,MOTION PICTURE,Kathryn Bigelow,THE HURT LOCKER,FALSE
2010,FEMALE LEAD ROLE,NATALIE PORTMAN,BLACK SWAN,TRUE
2010,FEMALE LEAD ROLE,HILARY SWANK,CONVICTION,FALSE
2010,FEMALE LEAD ROLE,NICOLE KIDMAN,RABBIT HOLE,FALSE
2010,FEMALE LEAD ROLE,ANNETTE BENING,THE KIDS ARE ALL RIGHT,FALSE
2010,FEMALE LEAD ROLE,JENNIFER LAWRENCE,WINTER'S BONE,FALSE
2010,FEMALE SUPPORTING ROLE,MILA KUNIS,BLACK SWAN,FALSE
2010,FEMALE SUPPORTING ROLE,AMY ADAMS,THE FIGHTER,FALSE
2010,FEMALE SUPPORTING ROLE,MELISSA LEO,THE FIGHTER,TRUE
2010,FEMALE SUPPORTING ROLE,HELENA BONHAM CARTER,THE KING'S SPEECH,FALSE
2010,FEMALE SUPPORTING ROLE,HAILEE STEINFELD,TRUE GRIT,FALSE
2010,MALE LEAD ROLE,JAMES FRANCO,127 HOURS,FALSE
2010,MALE LEAD ROLE,ROBERT DUVALL,GET LOW,FALSE
2010,MALE LEAD ROLE,COLIN FIRTH,THE KING'S SPEECH,TRUE
2010,MALE LEAD ROLE,JESSE EISENBERG,THE SOCIAL NETWORK,FALSE
2010,MALE LEAD ROLE,JEFF BRIDGES,TRUE GRIT,FALSE
2010,MALE SUPPORTING ROLE,CHRISTIAN BALE,THE FIGHTER,TRUE
2010,MALE SUPPORTING ROLE,MARK RUFFALO,THE KIDS ARE ALL RIGHT,FALSE
2010,MALE SUPPORTING ROLE,GEOFFREY RUSH,THE KING'S SPEECH,FALSE
2010,MALE SUPPORTING ROLE,JEREMY RENNER,THE TOWN,FALSE
2010,MALE SUPPORTING ROLE,JOHN HAWKES,WINTER'S BONE,FALSE
2010,MOTION PICTURE,Darren Aronofsky,BLACK SWAN,FALSE
2010,MOTION PICTURE,David O. Russell,THE FIGHTER,FALSE
2010,MOTION PICTURE,Lisa Cholodenko,THE KIDS ARE ALL RIGHT,FALSE
2010,MOTION PICTURE,Tom Hooper,THE KING'S SPEECH,TRUE
2010,MOTION PICTURE,David Fincher,THE SOCIAL NETWORK,FALSE
2011,FEMALE LEAD ROLE,GLENN CLOSE,ALBERT NOBBS,FALSE
2011,FEMALE LEAD ROLE,MICHELLE WILLIAMS,MY WEEK WITH MARILYN,FALSE
2011,FEMALE LEAD ROLE,VIOLA DAVIS,THE HELP,TRUE
2011,FEMALE LEAD ROLE,MERYL STREEP,THE IRON LADY,FALSE
2011,FEMALE LEAD ROLE,TILDA SWINTON,WE NEED TO TALK ABOUT KEVIN,FALSE
2011,FEMALE SUPPORTING ROLE,JANET MCTEER,ALBERT NOBBS,FALSE
2011,FEMALE SUPPORTING ROLE,MELISSA MCCARTHY,BRIDESMAIDS,FALSE
2011,FEMALE SUPPORTING ROLE,BÉRÉNICE BEJO,THE ARTIST,FALSE
2011,FEMALE SUPPORTING ROLE,JESSICA CHASTAIN,THE HELP,FALSE
2011,FEMALE SUPPORTING ROLE,OCTAVIA SPENCER,THE HELP,TRUE
2011,MALE LEAD ROLE,DEMIAN BICHIR,A BETTER LIFE,FALSE
2011,MALE LEAD ROLE,LEONARDO DICAPRIO,J. EDGAR,FALSE
2011,MALE LEAD ROLE,BRAD PITT,MONEYBALL,FALSE
2011,MALE LEAD ROLE,JEAN DUJARDIN,THE ARTIST,TRUE
2011,MALE LEAD ROLE,GEORGE CLOONEY,THE DESCENDANTS,FALSE
2011,MALE SUPPORTING ROLE,CHRISTOPHER PLUMMER,BEGINNERS,TRUE
2011,MALE SUPPORTING ROLE,ARMIE HAMMER,J. EDGAR,FALSE
2011,MALE SUPPORTING ROLE,JONAH HILL,MONEYBALL,FALSE
2011,MALE SUPPORTING ROLE,KENNETH BRANAGH,MY WEEK WITH MARILYN,FALSE
2011,MALE SUPPORTING ROLE,NICK NOLTE,WARRIOR,FALSE
2011,MOTION PICTURE,Paul Feig,BRIDESMAIDS,FALSE
2011,MOTION PICTURE,Woody Allen,MIDNIGHT IN PARIS,FALSE
2011,MOTION PICTURE,Michel Hazanavicius,THE ARTIST,FALSE
2011,MOTION PICTURE,Alexander Payne,THE DESCENDANTS,FALSE
2011,MOTION PICTURE,Tate Taylor,THE HELP,TRUE
2012,FEMALE LEAD ROLE,HELEN MIRREN,HITCHCOCK,FALSE
2012,FEMALE LEAD ROLE,MARION COTILLARD,RUST AND BONE,FALSE
2012,FEMALE LEAD ROLE,JENNIFER LAWRENCE,SILVER LININGS PLAYBOOK,TRUE
2012,FEMALE LEAD ROLE,NAOMI WATTS,THE IMPOSSIBLE,FALSE
2012,FEMALE LEAD ROLE,JESSICA CHASTAIN,ZERO DARK THIRTY,FALSE
2012,FEMALE SUPPORTING ROLE,ANNE HATHAWAY,LES MISÉRABLES,TRUE
2012,FEMALE SUPPORTING ROLE,SALLY FIELD,LINCOLN,FALSE
2012,FEMALE SUPPORTING ROLE,MAGGIE SMITH,THE BEST EXOTIC MARIGOLD HOTEL,FALSE
2012,FEMALE SUPPORTING ROLE,NICOLE KIDMAN,THE PAPERBOY,FALSE
2012,FEMALE SUPPORTING ROLE,HELEN HUNT,THE SESSIONS,FALSE
2012,MALE LEAD ROLE,DENZEL WASHINGTON,FLIGHT,FALSE
2012,MALE LEAD ROLE,HUGH JACKMAN,LES MISÉRABLES,FALSE
2012,MALE LEAD ROLE,DANIEL DAY-LEWIS,LINCOLN,TRUE
2012,MALE LEAD ROLE,BRADLEY COOPER,SILVER LININGS PLAYBOOK,FALSE
2012,MALE LEAD ROLE,JOHN HAWKES,THE SESSIONS,FALSE
2012,MALE SUPPORTING ROLE,ALAN ARKIN,ARGO,FALSE
2012,MALE SUPPORTING ROLE,TOMMY LEE JONES,LINCOLN,TRUE
2012,MALE SUPPORTING ROLE,ROBERT DE NIRO,SILVER LININGS PLAYBOOK,FALSE
2012,MALE SUPPORTING ROLE,JAVIER BARDEM,SKYFALL,FALSE
2012,MALE SUPPORTING ROLE,PHILIP SEYMOUR HOFFMAN,THE MASTER,FALSE
2012,MOTION PICTURE,Ben Affleck,ARGO,TRUE
2012,MOTION PICTURE,Tom Hooper,LES MISÉRABLES,FALSE
2012,MOTION PICTURE,Steven Spielberg,LINCOLN,FALSE
2012,MOTION PICTURE,David O. Russell,SILVER LININGS PLAYBOOK,FALSE
2012,MOTION PICTURE,John Madden,THE BEST EXOTIC MARIGOLD HOTEL,FALSE
2013,FEMALE LEAD ROLE,MERYL STREEP,AUGUST  OSAGE COUNTY,FALSE
2013,FEMALE LEAD ROLE,CATE BLANCHETT,BLUE JASMINE,TRUE
2013,FEMALE LEAD ROLE,SANDRA BULLOCK,GRAVITY,FALSE
2013,FEMALE LEAD ROLE,JUDI DENCH,PHILOMENA,FALSE
2013,FEMALE LEAD ROLE,EMMA THOMPSON,SAVING MR. BANKS,FALSE
2013,FEMALE SUPPORTING ROLE,LUPITA NYONG'O,12 YEARS A SLAVE,TRUE
2013,FEMALE SUPPORTING ROLE,JENNIFER LAWRENCE,AMERICAN HUSLE,FALSE
2013,FEMALE SUPPORTING ROLE,JULIA ROBERTS,AUGUST  OSAGE COUNTY,FALSE
2013,FEMALE SUPPORTING ROLE,OPRAH WINFREY,LEE DANIELS' THE BUTLER,FALSE
2013,FEMALE SUPPORTING ROLE,JUNE SQUIBB,NEBRASKA,FALSE
2013,MALE LEAD ROLE,CHIWETEL EJIOFOR,12 YEARS A SLAVE,FALSE
2013,MALE LEAD ROLE,TOM HANKS,CAPTAIN PHILLIPS,FALSE
2013,MALE LEAD ROLE,MATTHEW McCONAUGHEY,DALLAS BUYERS CLUB,TRUE
2013,MALE LEAD ROLE,FOREST WHITAKER,LEE DANIELS' THE BUTLER,FALSE
2013,MALE LEAD ROLE,BRUCE DERN,NEBRASKA,FALSE
2013,MALE SUPPORTING ROLE,MICHAEL FASSBENDER,12 YEARS A SLAVE,FALSE
2013,MALE SUPPORTING ROLE,BARKHAD ABDI,CAPTAIN PHILLIPS,FALSE
2013,MALE SUPPORTING ROLE,JARED LETO,DALLAS BUYERS CLUB,TRUE
2013,MALE SUPPORTING ROLE,JAMES GANDOLFINI,ENOUGH SAID,FALSE
2013,MALE SUPPORTING ROLE,DANIEL BRÜHL,RUSH,FALSE
2013,MOTION PICTURE,Steve McQueen,12 YEARS A SLAVE,FALSE
2013,MOTION PICTURE,David O. Russell,AMERICAN HUSTLE,TRUE
2013,MOTION PICTURE,John Wells,AUGUST: OSAGE COUNTY,FALSE
2013,MOTION PICTURE,Jean-Marc Vallée,DALLAS BUYERS CLUB,FALSE
2013,MOTION PICTURE,LEE DANIELS,THE BUTLER,FALSE
2014,FEMALE ACTOR IN A LEADING ROLE,JENNIFER ANISTON,CAKE,FALSE
2014,FEMALE ACTOR IN A LEADING ROLE,ROSAMUND PIKE,GONE GIRL,FALSE
2014,FEMALE ACTOR IN A LEADING ROLE,JULIANNE MOORE,STILL ALICE,TRUE
2014,FEMALE ACTOR IN A LEADING ROLE,FELICITY JONES,THE THEORY OF EVERYTHING,FALSE
2014,FEMALE ACTOR IN A LEADING ROLE,REESE WITHERSPOON,WILD,FALSE
2014,FEMALE ACTOR IN A SUPPORTING ROLE,EMMA STONE,BIRDMAN,FALSE
2014,FEMALE ACTOR IN A SUPPORTING ROLE,PATRICIA ARQUETTE,BOYHOOD,FALSE
2014,FEMALE ACTOR IN A SUPPORTING ROLE,MERYL STREEP,INTO THE WOODS,FALSE
2014,FEMALE ACTOR IN A SUPPORTING ROLE,NAOMI WATTS,ST. VINCENT,FALSE
2014,FEMALE ACTOR IN A SUPPORTING ROLE,KEIRA KNIGHTLEY,THE IMITATION GAME,FALSE
2014,MALE ACTOR IN A LEADING ROLE,MICHAEL KEATON,BIRDMAN,FALSE
2014,MALE ACTOR IN A LEADING ROLE,STEVE CARELL,FOXCATCHER,FALSE
2014,MALE ACTOR IN A LEADING ROLE,JAKE GYLLENHAAL,NIGHTCRAWLER,FALSE
2014,MALE ACTOR IN A LEADING ROLE,BENEDICT CUMBERBATCH,THE IMITATION GAME,FALSE
2014,MALE ACTOR IN A LEADING ROLE,EDDIE REDMAYNE,THE THEORY OF EVERYTHING,TRUE
2014,MALE ACTOR IN A SUPPORTING ROLE,EDWARD NORTON,BIRDMAN,FALSE
2014,MALE ACTOR IN A SUPPORTING ROLE,ETHAN HAWKE,BOYHOOD,FALSE
2014,MALE ACTOR IN A SUPPORTING ROLE,MARK RUFFALO,FOXCATCHER,FALSE
2014,MALE ACTOR IN A SUPPORTING ROLE,ROBERT DUVALL,THE JUDGE,FALSE
2014,MALE ACTOR IN A SUPPORTING ROLE,J.K. SIMMONS,WHIPLASH,TRUE
2014,MOTION PICTURE,Alejandro G. Iñárritu,BIRDMAN,TRUE
2014,MOTION PICTURE,Richard Linklater,BOYHOOD,FALSE
2014,MOTION PICTURE,Wes Anderson,THE GRAND BUDAPEST HOTEL,FALSE
2014,MOTION PICTURE,Morten Tyldum,THE IMITATION GAME,FALSE
2014,MOTION PICTURE,James Marsh,THE THEORY OF EVERYTHING,FALSE
2015,FEMALE LEAD,SAOIRSE RONAN,BROOKLYN,FALSE
2015,FEMALE LEAD,CATE BLANCHETT,CAROL,FALSE
2015,FEMALE LEAD,SARAH SILVERMAN,I SMILE BACK,FALSE
2015,FEMALE LEAD,BRIE LARSON,ROOM,TRUE
2015,FEMALE LEAD,HELEN MIRREN,WOMAN IN GOLD,FALSE
2015,FEMALE SUPPORT,ROONEY MARA,CAROL,FALSE
2015,FEMALE SUPPORT,RACHEL McADAMS,SPOTLIGHT,FALSE
2015,FEMALE SUPPORT,KATE WINSLET,STEVE JOBS,FALSE
2015,FEMALE SUPPORT,ALICIA VIKANDER,THE DANISH GIRL,TRUE
2015,FEMALE SUPPORT,HELEN MIRREN,TRUMBO,FALSE
2015,MALE LEAD,JOHNNY DEPP,BLACK MASS,FALSE
2015,MALE LEAD,MICHAEL FASSBENDER,STEVE JOBS,FALSE
2015,MALE LEAD,EDDIE REDMAYNE,THE DANISH GIRL,FALSE
2015,MALE LEAD,LEONARDO DiCAPRIO,THE REVENANT,TRUE
2015,MALE LEAD,BRYAN CRANSTON,TRUMBO,FALSE
2015,MALE SUPPORT,MICHAEL SHANNON,99 HOMES,FALSE
2015,MALE SUPPORT,MICHAEL SHANNON,99 HOMES,FALSE
2015,MALE SUPPORT,IDRIS ELBA,BEASTS OF NO NATION,TRUE
2015,MALE SUPPORT,IDRIS ELBA,BEASTS OF NO NATION,TRUE
2015,MALE SUPPORT,MARK RYLANCE,BRIDGE OF SPIES,FALSE
2015,MALE SUPPORT,MARK RYLANCE,BRIDGE OF SPIES,FALSE
2015,MALE SUPPORT,JACOB TREMBLAY,ROOM,FALSE
2015,MALE SUPPORT,JACOB TREMBLAY,ROOM,FALSE
2015,MALE SUPPORT,CHRISTIAN BALE,THE BIG SHORT,FALSE
2015,MALE SUPPORT,CHRISTIAN BALE,THE BIG SHORT,FALSE
2015,MOTION PICTURE,Cary Joji Fukunaga,BEASTS OF NO NATION,FALSE
2015,MOTION PICTURE,Tom McCarthy,SPOTLIGHT,TRUE
2015,MOTION PICTURE,F. Gary Gray,STRAIGHT OUTTA COMPTON,FALSE
2015,MOTION PICTURE,Adam McKay,THE BIG SHORT,FALSE
2015,MOTION PICTURE,Jay Roach,TRUMBO,FALSE
2016,FEMALE LEAD,AMY ADAMS,ARRIVAL,FALSE
2016,FEMALE LEAD,MERYL STREEP,FLORENCE FOSTER JENKINS,FALSE
2016,FEMALE LEAD,NATALIE PORTMAN,JACKIE,FALSE
2016,FEMALE LEAD,EMMA STONE,LA LA LAND,TRUE
2016,FEMALE LEAD,EMILY BLUNT,THE GIRL ON THE TRAIN,FALSE
2016,FEMALE SUPPORT,VIOLA DAVIS,FENCES,TRUE
2016,FEMALE SUPPORT,OCTAVIA SPENCER,HIDDEN FIGURES,FALSE
2016,FEMALE SUPPORT,NICOLE KIDMAN,LION,FALSE
2016,FEMALE SUPPORT,MICHELLE WILLIAMS,MANCHESTER BY THE SEA,FALSE
2016,FEMALE SUPPORT,NAOMIE HARRIS,MOONLIGHT,FALSE
2016,MALE LEAD,VIGGO MORTENSEN,CAPTAIN FANTASTIC,FALSE
2016,MALE LEAD,DENZEL WASHINGTON,FENCES,TRUE
2016,MALE LEAD,ANDREW GARFIELD,HACKSAW RIDGE,FALSE
2016,MALE LEAD,RYAN GOSLING,LA LA LAND,FALSE
2016,MALE LEAD,CASEY AFFLECK,MANCHESTER BY THE SEA,FALSE
2016,MALE SUPPORT,HUGH GRANT,FLORENCE FOSTER JENKINS,FALSE
2016,MALE SUPPORT,JEFF BRIDGES,HELL OR HIGH WATER,FALSE
2016,MALE SUPPORT,DEV PATEL,LION,FALSE
2016,MALE SUPPORT,LUCAS HEDGES,MANCHESTER BY THE SEA,FALSE
2016,MALE SUPPORT,MAHERSHALA ALI,MOONLIGHT,TRUE
2016,MOTION PICTURE,Matt Ross,CAPTAIN FANTASTIC,FALSE
2016,MOTION PICTURE,Denzel Washington,FENCES,FALSE
2016,MOTION PICTURE,Theodore Melfi,HIDDEN FIGURES,TRUE
2016,MOTION PICTURE,Kenneth Lonergan,MANCHESTER BY THE SEA,FALSE
2016,MOTION PICTURE,Barry Jenkins,MOONLIGHT,FALSE
2017,FEMALE LEAD,MARGOT ROBBIE,"I, Tonya",FALSE
2017,FEMALE LEAD,SAOIRSE RONAN,LADY BIRD,FALSE
2017,FEMALE LEAD,SALLY HAWKINS,THE SHAPE OF WATER,FALSE
2017,FEMALE LEAD,FRANCES MCDORMAND,THREE BILLBOARDS OUTSIDE EBBING MISSOURI,TRUE
2017,FEMALE LEAD,JUDI DENCH,VICTORIA & ABDUL,FALSE
2017,FEMALE SUPPORT,HONG CHAU,DOWNSIZING,FALSE
2017,FEMALE SUPPORT,ALLISON JANNEY,"I, Tonya",FALSE
2017,FEMALE SUPPORT,LAURIE METCALF,LADY BIRD,FALSE
2017,FEMALE SUPPORT,MARY J. BLIGE,MUDBOUND,FALSE
2017,FEMALE SUPPORT,HOLLY HUNTER,THE BIG SICK,FALSE
2017,MALE LEAD,TIMOTHÉE CHALAMET,CALL ME BY YOUR NAME,FALSE
2017,MALE LEAD,GARY OLDMAN,DARKEST HOUR,TRUE
2017,MALE LEAD,DANIEL KALUUYA,GET OUT,FALSE
2017,MALE LEAD,JAMES FRANCO,THE DISASTER ARTIST,FALSE
2017,MALE SUPPORT,STEVE CARELL,BATTLE OF THE SEXES,FALSE
2017,MALE SUPPORT,WILLEM DAFOE,THE FLORIDA PROJECT,FALSE
2017,MALE SUPPORT,RICHARD JENKINS,THE SHAPE OF WATER,FALSE
2017,MALE SUPPORT,SAM ROCKWELL,THREE BILLBOARDS OUTSIDE EBBING MISSOURI,TRUE
2017,MALE SUPPORT,WOODY HARRELSON,THREE BILLBOARDS OUTSIDE EBBING MISSOURI,FALSE
2017,MOTION PICTURE,Jordan Peele,GET OUT,FALSE
2017,MOTION PICTURE,Greta Gerwig,LADY BIRD,FALSE
2017,MOTION PICTURE,Dee Rees,MUDBOUND,FALSE
2017,MOTION PICTURE,Michael Showalter,THE BIG SICK,FALSE
2017,MOTION PICTURE,Martin McDonagh,THREE BILLBOARDS OUTSIDE EBBING MISSOURI,TRUE
2018,FEMALE LEAD IN A MOTION PICTURE,LADY GAGA,A STAR IS BORN,FALSE
2018,FEMALE LEAD IN A MOTION PICTURE,MELISSA MCCARTHY,CAN YOU EVER FORGIVE ME?,FALSE
2018,FEMALE LEAD IN A MOTION PICTURE,EMILY BLUNT,MARY POPPINS RETURNS,FALSE
2018,FEMALE LEAD IN A MOTION PICTURE,OLIVIA COLMAN,THE FAVOURITE,FALSE
2018,FEMALE LEAD IN A MOTION PICTURE,GLENN CLOSE,THE WIFE,TRUE
2018,FEMALE SUPPORT IN A MOTION PICTURE,EMILY BLUNT,A QUIET PLACE,TRUE
2018,FEMALE SUPPORT IN A MOTION PICTURE,MARGOT ROBBIE,MARY QUEEN OF SCOTS,FALSE
2018,FEMALE SUPPORT IN A MOTION PICTURE,EMMA STONE,THE FAVOURITE,FALSE
2018,FEMALE SUPPORT IN A MOTION PICTURE,RACHEL WEISZ,THE FAVOURITE,FALSE
2018,FEMALE SUPPORT IN A MOTION PICTURE,AMY ADAMS,VICE,FALSE
2018,MALE LEAD IN A MOTION PICTURE,BRADLEY COOPER,A STAR IS BORN,FALSE
2018,MALE LEAD IN A MOTION PICTURE,JOHN DAVID WASHINGTON,BLACKKKLANSMAN,FALSE
2018,MALE LEAD IN A MOTION PICTURE,RAMI MALEK,BOHEMIAN RHAPSODY,TRUE
2018,MALE LEAD IN A MOTION PICTURE,VIGGO MORTENSEN,GREEN BOOK,FALSE
2018,MALE LEAD IN A MOTION PICTURE,CHRISTIAN BALE,VICE,FALSE
2018,MALE SUPPORT IN A MOTION PICTURE,SAM ELLIOTT,A STAR IS BORN,FALSE
2018,MALE SUPPORT IN A MOTION PICTURE,TIMOTHÉE CHALAMET,BEAUTIFUL BOY,FALSE
2018,MALE SUPPORT IN A MOTION PICTURE,ADAM DRIVER,BLACKKKLANSMAN,FALSE
2018,MALE SUPPORT IN A MOTION PICTURE,RICHARD E. GRANT,CAN YOU EVER FORGIVE ME?,FALSE
2018,MALE SUPPORT IN A MOTION PICTURE,MAHERSHALA ALI,GREEN BOOK,TRUE
2018,MOTION PICTURE,Bradley Cooper,A STAR IS BORN,FALSE
2018,MOTION PICTURE,Ryan Coogler,BLACK PANTHER,TRUE
2018,MOTION PICTURE,Spike Lee,BLACKKKLANSMAN,FALSE
2018,MOTION PICTURE,Dexter Fletcher,BOHEMIAN RHAPSODY,FALSE
2018,MOTION PICTURE,Jon M. Chu,CRAZY RICH ASIANS,FALSE
2019,FEMALE ACTOR IN A LEADING ROLE,CYNTHIA ERIVO,HARRIET,FALSE
2019,FEMALE ACTOR IN A LEADING ROLE,SCARLETT JOHANSSON,MARRIAGE STORY,FALSE
2019,FEMALE ACTOR IN A LEADING ROLE,LUPITA NYONG'O,US,FALSE
2019,FEMALE ACTOR IN A LEADING ROLE,CHARLIZE THERON,BOMBSHELL,FALSE
2019,FEMALE ACTOR IN A LEADING ROLE,RENÉE ZELLWEGER,JUDY,TRUE
2019,FEMALE ACTOR IN A SUPPORTING ROLE,LAURA DERN,MARRIAGE STORY,TRUE
2019,FEMALE ACTOR IN A SUPPORTING ROLE,SCARLETT JOHANSSON,JOJO RABBIT,FALSE
2019,FEMALE ACTOR IN A SUPPORTING ROLE,NICOLE KIDMAN,BOMBSHELL,FALSE
2019,FEMALE ACTOR IN A SUPPORTING ROLE,JENNIFER LOPEZ,HUSTLERS,FALSE
2019,FEMALE ACTOR IN A SUPPORTING ROLE,MARGOT ROBBIE,BOMBSHELL,FALSE
2019,MALE ACTOR IN A LEADING ROLE,CHRISTIAN BALE,FORD V FERRARI,FALSE
2019,MALE ACTOR IN A LEADING ROLE,LEONARDO DICAPRIO,ONCE UPON A TIME...IN HOLLYWOOD,FALSE
2019,MALE ACTOR IN A LEADING ROLE,ADAM DRIVER,MARRIAGE STORY,FALSE
2019,MALE ACTOR IN A LEADING ROLE,TARON EGERTON,ROCKETMAN,FALSE
2019,MALE ACTOR IN A LEADING ROLE,JOAQUIN PHOENIX,JOKER,TRUE
2019,MALE ACTOR IN A SUPPORTING ROLE,JAMIE FOXX,JUST MERCY,FALSE
2019,MALE ACTOR IN A SUPPORTING ROLE,TOM HANKS,A BEAUTIFUL DAY IN THE NEIGHBORHOOD,FALSE
2019,MALE ACTOR IN A SUPPORTING ROLE,AL PACINO,THE IRISHMAN,FALSE
2019,MALE ACTOR IN A SUPPORTING ROLE,JOE PESCI,THE IRISHMAN,FALSE
2019,MALE ACTOR IN A SUPPORTING ROLE,BRAD PITT,ONCE UPON A TIME...IN HOLLYWOOD,TRUE
2019,MOTION PICTURE,Jay Roach,BOMBSHELL,FALSE
2019,MOTION PICTURE,Martin Scorsese,THE IRISHMAN,FALSE
2019,MOTION PICTURE,Taika Waititi,JOJO RABBIT,FALSE
2019,MOTION PICTURE,Quentin Tarantino,ONCE UPON A TIME...IN HOLLYWOOD,FALSE
2019,MOTION PICTURE,Bong Joon Ho,PARASITE,TRUE
2020,FEMALE ACTOR IN A LEADING ROLE,Viola Davis,Ma Rainey's Black Bottom,TRUE
2020,FEMALE ACTOR IN A LEADING ROLE,Amy Adams,Hillbilly Elegy,FALSE
2020,FEMALE ACTOR IN A LEADING ROLE,Vanessa Kirby,Pieces of a Woman,FALSE
2020,FEMALE ACTOR IN A LEADING ROLE,Frances McDormand,Nomadland,FALSE
2020,FEMALE ACTOR IN A LEADING ROLE,Carey Mulligan,Promising Young Woman,FALSE
2020,FEMALE ACTOR IN A SUPPORTING ROLE,Youn Yuh-jung,Minari,TRUE
2020,FEMALE ACTOR IN A SUPPORTING ROLE,Maria Bakalova,Borat,FALSE
2020,FEMALE ACTOR IN A SUPPORTING ROLE,Glenn Close,Hillbilly Elegy,FALSE
2020,FEMALE ACTOR IN A SUPPORTING ROLE,Olivia Colman,The Father,FALSE
2020,FEMALE ACTOR IN A SUPPORTING ROLE,Helena Zengel,News of the World,FALSE
2020,MALE ACTOR IN A LEADING ROLE,Chadwick Boseman,Ma Rainey's Black Bottomas,TRUE
2020,MALE ACTOR IN A LEADING ROLE,Riz Ahmed,Sound of Metal,FALSE
2020,MALE ACTOR IN A LEADING ROLE,Anthony Hopkins,The Father,FALSE
2020,MALE ACTOR IN A LEADING ROLE,Gary Oldman,Mank,FALSE
2020,MALE ACTOR IN A LEADING ROLE,Steven Yeun,Minari,FALSE
2020,MALE ACTOR IN A SUPPORTING ROLE,Daniel Kaluuya,Judas and the Black Messiah,TRUE
2020,MALE ACTOR IN A SUPPORTING ROLE,Sacha Baron Cohen,The Trial of the Chicago 7,FALSE
2020,MALE ACTOR IN A SUPPORTING ROLE,Chadwick Boseman,Da 5 Bloods,FALSE
2020,MALE ACTOR IN A SUPPORTING ROLE,Jared Leto,The Little Things,FALSE
2020,MALE ACTOR IN A SUPPORTING ROLE,Leslie Odom Jr.,One Night in Miami...,FALSE
2020,MOTION PICTURE,Florian Zeller,The Trial of the Chicago 7,TRUE
2020,MOTION PICTURE,Spike Lee,Da 5 Bloods,FALSE
2020,MOTION PICTURE,George C. Wolfe,Ma Rainey's Black Bottom,FALSE
2020,MOTION PICTURE,Lee Isaac Chung,Minari,FALSE
2020,MOTION PICTURE,Regina King,One Night in Miami...,FALSE
2021,FEMALE ACTOR IN A LEADING ROLE,Jessica Chastain,The Eyes of Tammy Faye,TRUE
2021,FEMALE ACTOR IN A LEADING ROLE,Olivia Colman,The Lost Daughter,FALSE
2021,FEMALE ACTOR IN A LEADING ROLE,Lady Gaga,House of Gucci,FALSE
2021,FEMALE ACTOR IN A LEADING ROLE,Jennifer Hudson,Respect,FALSE
2021,FEMALE ACTOR IN A LEADING ROLE,Nicole Kidman,Being the Ricardos,FALSE
2021,FEMALE ACTOR IN A SUPPORTING ROLE,Ariana DeBose,West Side Story,TRUE
2021,FEMALE ACTOR IN A SUPPORTING ROLE,Caitríona Balfe,Belfast,FALSE
2021,FEMALE ACTOR IN A SUPPORTING ROLE,Cate Blanchett,Nightmare Alley,FALSE
2021,FEMALE ACTOR IN A SUPPORTING ROLE,Kirsten Dunst,The Power of the Dog,FALSE
2021,FEMALE ACTOR IN A SUPPORTING ROLE,Ruth Negga,Passing,FALSE
2021,MALE ACTOR IN A LEADING ROLE,Will Smith,King Richard,TRUE
2021,MALE ACTOR IN A LEADING ROLE,Javier Bardem,Being the Ricardos,FALSE
2021,MALE ACTOR IN A LEADING ROLE,Benedict Cumberbatch,The Power of the Dog,FALSE
2021,MALE ACTOR IN A LEADING ROLE,Andrew Garfield,"tick, tick... BOOM!  ",FALSE
2021,MALE ACTOR IN A LEADING ROLE,Denzel Washington,The Tragedy of Macbeth,FALSE
2021,MALE ACTOR IN A SUPPORTING ROLE,Troy Kotsur,CODA,TRUE
2021,MALE ACTOR IN A SUPPORTING ROLE,Ben Affleck,The Tender Bar,FALSE
2021,MALE ACTOR IN A SUPPORTING ROLE,Bradley Cooper,Licorice Pizza,FALSE
2021,MALE ACTOR IN A SUPPORTING ROLE,Jared Leto,House of Gucci,FALSE
2021,MALE ACTOR IN A SUPPORTING ROLE,Kodi Smit-McPhee,The Power of the Dog,FALSE
2021,MOTION PICTURE,Sian Heder,CODA,TRUE
2021,MOTION PICTURE,Kenneth Branagh,Belfast,FALSE
2021,MOTION PICTURE,Adam McKay,Don't Look Up,FALSE
2021,MOTION PICTURE,Ridley Scott,House of Gucci,FALSE
2021,MOTION PICTURE,Reinaldo Marcus Green,King Richard,FALSE
2022,FEMALE ACTOR IN A LEADING ROLE,Michelle Yeoh,Everything Everywhere All at Once,TRUE
2022,FEMALE ACTOR IN A LEADING ROLE,Cate Blanchett,Tár,FALSE
2022,FEMALE ACTOR IN A LEADING ROLE,Viola Davis,The Woman King,FALSE
2022,FEMALE ACTOR IN A LEADING ROLE,Ana de Armas,Blonde,FALSE
2022,FEMALE ACTOR IN A LEADING ROLE,Danielle Deadwyler,Till,FALSE
2022,FEMALE ACTOR IN A SUPPORTING ROLE,Jamie Lee Curtis,Everything Everywhere All at Once,TRUE
2022,FEMALE ACTOR IN A SUPPORTING ROLE,Angela Bassett,Black Panther: Wakanda Forever,FALSE
2022,FEMALE ACTOR IN A SUPPORTING ROLE,Hong Chau,The Whale,FALSE
2022,FEMALE ACTOR IN A SUPPORTING ROLE,Kerry Condon,The Banshees of Inisherin,FALSE
2022,FEMALE ACTOR IN A SUPPORTING ROLE,Stephanie Hsu,Everything Everywhere All at Once,FALSE
2022,MALE ACTOR IN A LEADING ROLE,Brendan Fraser,The Whale,TRUE
2022,MALE ACTOR IN A LEADING ROLE,Austin Butler,Elvis,FALSE
2022,MALE ACTOR IN A LEADING ROLE,Colin Farrell,The Banshees of Inisherin,FALSE
2022,MALE ACTOR IN A LEADING ROLE,Bill Nighy,Living,FALSE
2022,MALE ACTOR IN A LEADING ROLE,Adam Sandler,Hustle,FALSE
2022,MALE ACTOR IN A SUPPORTING ROLE,Ke Huy Quan,Everything Everywhere All at Once,TRUE
2022,MALE ACTOR IN A SUPPORTING ROLE,Paul Dano,The Fabelmans,FALSE
2022,MALE ACTOR IN A SUPPORTING ROLE,Brendan Gleeson,The Banshees of Inisherin,FALSE
2022,MALE ACTOR IN A SUPPORTING ROLE,Barry Keoghan,The Banshees of Inisherin,FALSE
2022,MALE ACTOR IN A SUPPORTING ROLE,Eddie Redmayne,The Good Nurse,FALSE
2022,MOTION PICTURE,Daniel Kwan and Daniel Scheinert,Everything Everywhere All at Once,TRUE
2022,MOTION PICTURE,Damien Chazelle,Babylon,FALSE
2022,MOTION PICTURE,Martin McDonagh,The Banshees of Inisherin,FALSE
2022,MOTION PICTURE,Steven Spielberg,The Fabelmans,FALSE
2022,MOTION PICTURE,Sarah Polley,Women Talking,FALSE
2023,FEMALE ACTOR IN A LEADING ROLE,Lily Gladstone,Killers of the Flower Moon,TRUE
2023,FEMALE ACTOR IN A LEADING ROLE,Annette Bening,Nyad,FALSE
2023,FEMALE ACTOR IN A LEADING ROLE,Carey Mulligan,Maestro,FALSE
2023,FEMALE ACTOR IN A LEADING ROLE,Margot Robbie,Barbie,FALSE
2023,FEMALE ACTOR IN A LEADING ROLE,Emma Stone,Poor Things,FALSE
2023,FEMALE ACTOR IN A SUPPORTING ROLE,Da'Vine Joy Randolph,The Holdovers,TRUE
2023,FEMALE ACTOR IN A SUPPORTING ROLE,Emily Blunt,Oppenheimer,FALSE
2023,FEMALE ACTOR IN A SUPPORTING ROLE,Danielle Brooks,The Color Purple,FALSE
2023,FEMALE ACTOR IN A SUPPORTING ROLE,Penélope Cruz,Ferrari,FALSE
2023,FEMALE ACTOR IN A SUPPORTING ROLE,Jodie Foster,Nyad,FALSE
2023,MALE ACTOR IN A LEADING ROLE,Cillian Murphy,Oppenheimer,TRUE
2023,MALE ACTOR IN A LEADING ROLE,Bradley Cooper,Maestro,FALSE
2023,MALE ACTOR IN A LEADING ROLE,Colman Domingo,Rustin,FALSE
2023,MALE ACTOR IN A LEADING ROLE,Paul Giamatti,The Holdovers,FALSE
2023,MALE ACTOR IN A LEADING ROLE,Jeffrey Wright,American Fiction,FALSE
2023,MALE ACTOR IN A SUPPORTING ROLE,Robert Downey Jr.,Oppenheimer,TRUE
2023,MALE ACTOR IN A SUPPORTING ROLE,Sterling K. Brown,American Fiction,FALSE
2023,MALE ACTOR IN A SUPPORTING ROLE,Willem Dafoe,Poor Things,FALSE
2023,MALE ACTOR IN A SUPPORTING ROLE,Robert De Niro,Killers of the Flower Moon,FALSE
2023,MALE ACTOR IN A SUPPORTING ROLE,Ryan Gosling,Barbie,FALSE
2023,MOTION PICTURE,Christopher Nolan,Oppenheimer,TRUE
2023,MOTION PICTURE,Cord Jefferson,American Fiction,FALSE
2023,MOTION PICTURE,Greta Gerwig,Barbie,FALSE
2023,MOTION PICTURE,Blitz Bazawule,The Color Purple,FALSE
2023,MOTION PICTURE,Martin Scorsese,Killers of the Flower Moon,FALSE